InstanceId,InstanceName,InstanceType,InstanceState,Region
i-0a9b158dbad802e74,USE1APPECEORC,t2.micro,running,us-east-1
i-0be3ee83f39512d5b,geo-ip-extraction,t2.medium,running,us-east-1
i-0bfef88bf4f13f5ba,USE1APPEWEBBEU,t2.medium,running,us-east-1
i-0c6f5ad786b550f6b,GeoIP-Extraction-service-dev,t2.medium,running,us-east-1
i-09278f37ee4363d7a,Geoip-Extraction-uat,t2.medium,running,us-east-1
i-07362ec45869008e4,use1-powerBI-gateway-u,t2.xlarge,running,us-east-1
i-06025d14d95745a46,Customer-API-Dev-2,t2.medium,running,us-east-1
i-0d4d84f94e50c7d63,USE1APPEWEBAPID,t2.medium,running,us-east-1
i-000fd3876854db3d4,use1appeexcartd1,t2.medium,running,us-east-1
i-0965fb700fd66d6ff,airflow-uat,t2.medium,running,us-east-1
i-01e593e1986912a15,ec2-use1-ap-pe-products-worker-ubx-sitemap,t2.micro,stopped,us-east-1
i-08669427030d6643e,knowledge-ai-resource-fetcher-dev,t2.medium,running,us-east-1
i-0d77048049386eaf6,Customer-API-Uat,t2.medium,running,us-east-1
i-03fd840c886ca4e5c,jaeger-service-d,t2.micro,running,us-east-1
i-099d196673fcd330a,Products-Services-Routledge-API-dev,t3.small,running,us-east-1
i-0fe2f643c7ead8b79,Products-Services-Routledge-API-prod,m5a.large,running,us-east-1
i-0f42d7c20205b3ff9,fivetran-tunnel-prod,t2.micro,running,us-east-1
i-0f09a0196718560f4,USE1APPEUBXESMNP12,m5.large,stopped,us-east-1
i-0e36abf06286910ae,content-index-listener-prod,t2.large,running,us-east-1
i-01c894a8df070cda6,content-index-listener-prod,t2.large,running,us-east-1
i-09a8c38ce82fa7c94,Products-Services-Routledge-API-prod,m5a.large,running,us-east-1
i-04ff65cfb6c9aabaa,ubx-mongodb,m5a.xlarge,running,us-east-1
i-0c952c399be0b3afd,use1nginixshub,t2.micro,running,us-east-1
i-08d0e0252d97fa2d7,useapacheshub,t2.micro,running,us-east-1
i-0d0f5536a71e4425e,pricing-app-manual,t3.medium,running,us-east-1
i-09c4afbd688a9e45a,Customer-API-Prod-Blue-1,m5a.large,running,us-east-1
i-048b1596d509f52a4,Products-Services-Routledge-API-dev,t3.small,running,us-east-1
i-0cd574963c3387f21,filebeat-integration-prod,t2.small,running,us-east-1
i-0945b6f2650e0b3ed,USE1APPEWEBP,t2.medium,running,us-east-1
i-03d65a27f9f074bbe,appe-us-elastic-search-datanode1-uat,m5dn.4xlarge,running,us-east-1
i-04c8901c9d12c50cd,appe-us-elastic-search-datanode2-uat,m5dn.4xlarge,running,us-east-1
i-0933a426a284808db,appe-us-elastic-search-master-test,m5n.large,running,us-east-1
i-04466661317c8f35b,appe-us-elastic-search-datanode2-prod,m5dn.4xlarge,running,us-east-1
i-0452647972d5ed044,appe-us-elastic-search-datanode3-prod,m5dn.4xlarge,running,us-east-1
i-0ec7762c9f865743d,appe-us-elastic-search-master-node1-prod,m5n.large,running,us-east-1
i-0a0dcc7455b7889a6,appe-us-elastic-search-datanode1-prod,m5dn.4xlarge,running,us-east-1
i-0c4c563b31e40113b,appe-us-elastic-search-datanode4-prod,m5dn.4xlarge,running,us-east-1
i-0c5002a817bdf68b2,appe-us-elastic-search-master-node2-prod,m5n.large,running,us-east-1
i-04ec1e4381e6294a2,appe-us-elastic-search-master-node3-prod,m5n.large,running,us-east-1
i-0417082a49796a43c,counter-report-sneaql-prod,t2.medium,running,us-east-1
i-0cfefa60cb1a08483,ec2-use1-ap-pe-proxy-api-service-ubx2-proxy-p,m5a.large,running,us-east-1
i-02535748018cc7188,ec2-use1-ap-pe-proxy-core-service-ubx2-proxy-p,m5a.large,running,us-east-1
i-0c5b5d0a5e6ef1ba2,ec2-ap-pe-use1-elastic-search-ubx2-master-d,m5n.large,running,us-east-1
i-04770f7caf7e7d8cd,ec2-ap-pe-use1-elastic-search-ubx2-data-d,m5dn.4xlarge,running,us-east-1
i-0a2406793d405cc4d,ec2-use1-ap-pe-proxy-core-service-ubx2-proxy-d,t3.medium,running,us-east-1
i-0b670d5649644fedf,Entitlements-Fat-Api-Ubx2-Prod,t3a.medium,running,us-east-1
i-05afbd37b3718ef2e,ec2-use1-ap-pe-proxy-devops-cloudflare-proxy-d,t3.medium,running,us-east-1
i-0cfd50cf7acdc8833,Customer-API-Prod-Green-1,m5a.large,running,us-east-1
i-06db8d199eb027147,ec2-use1-ap-pe-search-utility-ubx2-sitemap-p,t2.micro,stopped,us-east-1
i-0e8ea495a5a8c2ee8,ec2-use1-ap-pe-entitilementtemp-ubx2-web-u,m5.xlarge,running,us-east-1
i-0d6c1cd5e2deff934,eb-use1-ap-pe-search-ubx2-api-u,t3.small,running,us-east-1
i-016e84b5882ad0f93,ec2-use1-ap-pe-proxy-api-service-ubx2-proxy-p,m5a.large,running,us-east-1
i-0d0edaa1ae6b7ca2d,ec2-use1-ap-pe-proxy-core-service-ubx2-proxy-p,m5a.large,running,us-east-1
i-089d5cbba3deda257,ec2-ap-pe-use1-elastic-search-ubx2-data-d,m5dn.4xlarge,running,us-east-1
i-01c5c26e4b381ddbd,ec2-use1-ap-pe-proxy-api-service-ubx2-proxy-u,t3.medium,running,us-east-1
i-018377f9d1f0e2f2e,ec2-use1-ap-pe-proxy-core-service-ubx2-proxy-u,t3.medium,running,us-east-1
i-0be1b84e8b5af1059,Customer-API-Prod-Green-1,m5a.large,running,us-east-1
i-00a645160f31692cb,,t2.large,running,us-east-1
i-02814597294dfe4b9,ec2-use1-ap-pe-Entitlementslogs-Ubx2-Dev,t3.medium,running,us-east-1
i-0148fdd85948ad805,USE1APPELSLSSU2,t3.small,running,us-east-1
i-0d8e73b6eef23563e,use1appewebredirectp,m5a.large,running,us-east-1
i-022979b8da3226a81,eb-use1-ap-pe-licenses-srv-ubx2-api-p,m5a.large,running,us-east-1
i-0d5bf11c85b0282c0,ec2-use1-ap-pe-proxy-account-service-ubx2-proxy-d,t3.medium,running,us-east-1
i-00ec5af3c5750a79f,ec2-use1-ap-pe-proxy-web-service-ubx2-proxy-p,m5a.large,running,us-east-1
i-0e767280853ceb270,eb-use1-ap-pe-notif-srv-ubx2-api-p,m5a.large,running,us-east-1
i-021f93cdee1c28993,ecs-use1-ap-ap-products-client-europa-website-u,m5a.large,running,us-east-1
i-01bd206165e4856be,ec2-use1-ap-pe-discovery-utility-ubx2-ingestion-handler-u,t3.small,running,us-east-1
i-0cc7a411ef4d7bae4,ec2-use1-ap-pe-products-client-europa-website-utility-d,t3.small,running,us-east-1
i-0ba91090af7ccd957,ec2-use1-ap-pe-products-client-europa-website-sftp-d,t3.small,running,us-east-1
i-0d13a2aa3940a4ff1,ec2-use1-ap-pe-products-client-europa-website-sftp-u,t3.small,running,us-east-1
i-0b356a0893973ff33,ec2-use1-ap-pe-newrelic-testing-d,t3.small,running,us-east-1
i-01bd08d75e546f7c7,customer-salesforce-sync-server-dev,t2.medium,running,us-east-1
i-03dc258b0e76039ec,ec2-use1-ap-pe-proxy-web-service-ubx2-proxy-p,m5a.large,running,us-east-1
i-010742a222a535b00,eb-use1-ap-pe-notif-srv-ubx2-api-p,m5a.large,running,us-east-1
i-0e4d9c62ecfec4bc0,knowledge-ai-data-producer-dev,t2.medium,running,us-east-1
i-018d54c717600c06b,df-analytics-collector-prod,t3.medium,running,us-east-1
i-09d355b4f83046469,ec2-use1-ap-pe-discovery-utility-ubx2-ingestion-handler-uat,t3.small,stopped,us-east-1
i-0b6c38b513ef8f0dc,ec2-use1-ap-pe-proxy-accounts-service-ubx2-proxy-u,t3.medium,running,us-east-1
i-0ea2ae25fc57e05dd,BMIA - POC,t2.micro,running,us-east-1
i-0415a8740a4673b71,ec2-use1-appe-df-orders-ecommerce-payment-web-p,t3.small,running,us-east-1
i-0f67fe8add25fede4,,t3.medium,running,us-east-1
i-0942d66260760a39d,,t3.medium,running,us-east-1
i-0958b70ab568f36c3,ec2-use1-ap-pe-apigateway-d,t3.small,running,us-east-1
i-0c37261d0522c4ee8,ec2-use1-ap-pe-df-ecom-paym-workers-dev,t3.small,running,us-east-1
i-0d13ddc3c8ad20f7b,,t3.medium,running,us-east-1
i-0471fd1307fa74f84,ec2-use1-ap-pe-df-ecom-paym-workers-prod,t3.small,running,us-east-1
i-0231af18d623363ee,ec2-use1-ap-pe-apigateway-u,m5a.large,stopped,us-east-1
i-05df139222ba3fbe6,customer-identity-sync-server-dev,t2.medium,running,us-east-1
i-0db6b6cbe92c183a4,eb-use1-ap-pe-search-ubx2-api-u-1,t3.small,running,us-east-1
i-00cfb7557c5da553b,ec2-use1-ap-pe-route-d,t2.micro,running,us-east-1
i-008d8a470721a416d,ec2-use1-appe-df-orders-ecommerce-checkout-web-u,t3.small,running,us-east-1
i-0f4cb9df74d6f1fba,Entitlements-Fat-Api-Ubx2-Prod,t3a.medium,running,us-east-1
i-0d3af8d24ef219de2,ec2-use1-ap-pe-df-ecom-paym-workers-prod,t3.small,running,us-east-1
i-0935b5ae4efced053,,t3.medium,running,us-east-1
i-0723d5ce57fd63490,ec2-euw1-ap-da-products-data-extractor-pcm-to-s3-d-d,t3.nano,running,us-east-1
i-00664daa5ce91906f,DataSync Agent,c5.2xlarge,running,us-east-1
i-01aea766bfc63ab23,EFS-Migration1,t3.large,running,us-east-1
i-0650dc9a6e9317930,BMIA-POC-matching_engine,m5n.large,running,us-east-1
i-0162923c8e45668bf,,t3.medium,running,us-east-1
i-097cacde311f0e053,EFS-Migration2,t3.large,running,us-east-1
i-00e33320a36284390,,t3.small,running,us-east-1
i-0f1eafb954fc6a6b5,,t3.medium,running,us-east-1
i-014e701f4cc60114d,,t3.medium,running,us-east-1
i-0368f6f8122787015,ec2-use1-appe-df-orders-ecommerce-payment-web-p,t3.small,running,us-east-1
i-00a4f9c85bcfd2c2a,ecs-use1-ap-pe-products-client-europa-website-api-p,m5a.xlarge,running,us-east-1
i-0f052838be4ac34a6,ecs-use1-ap-pe-products-client-europa-website-p,m5a.large,running,us-east-1
i-0a13ab5a9725b42ec,ecs-use1-ap-ap-customers-service-ubx2-website-admin-librarian-u,m5a.large,running,us-east-1
i-0393666bdcd24cea6,Properties-API-Prod-1,t3.medium,running,us-east-1
i-0641ac4058f7d9137,Properties-API-Prod-2,t3.medium,running,us-east-1
i-093056a8633632d8f,ecs-use1-ap-pe-license-listener-service-u,t2.medium,running,us-east-1
i-079251bb98e9648b2,ecs-use1-ap-pe-products-client-europa-website-p,m5a.large,running,us-east-1
i-0ec36a58e8cadd378,eb-use1-ap-pe-ems-service-ubx2-api-p,m5a.large,running,us-east-1
i-034de8f47865bb0fd,Properties-API-Prod-1,t3.medium,running,us-east-1
i-09a77d0c29c944cac,Properties-API-Prod-2,t3.medium,running,us-east-1
i-0063d70c593e80f29,ec2-use1-appe-df-orders-ecommerce-payment-web-u,t3.small,running,us-east-1
i-0a5915cdd730b7c74,ec2-use1-ap-pe-products-client-europa-website-utility-p,m5a.large,running,us-east-1
i-066f0cd4741a85606,ecs-use1-ap-pe-products-client-europa-website-api-p,m5a.xlarge,running,us-east-1
i-0988209be57044c34,Cloudwatch Log POC,t2.micro,running,us-east-1
i-08c214ef58ff2e3a3,ec2-use1-appe-df-orders-ecommerce-checkout-web-p,t3.small,running,us-east-1
i-039990659b9c3825e,,t3.medium,running,us-east-1
i-08abb788a14e60a09,ecs-appe-devops-d,t2.medium,running,us-east-1
i-0a1377384fe18f8e6,ecs-appe-operation-d,t2.medium,running,us-east-1
i-0c9ed38c1307bc97e,eb-use1-ap-pe-notif-srv-ubx2-api-p-b,m5.large,running,us-east-1
i-0ce79c516e33428e7,ec2-use1-appe-df-orders-ecommerce-payment-web-d,t3.small,running,us-east-1
i-0d5321217569cd2b9,,t2.medium,running,us-east-1
i-03f15ac25bc66530b,ec2-use1-ap-pe-products-client-europa-website-sftp-test-u,t3.small,running,us-east-1
i-061b547ebfaf4545c,OADashboard-API-Dev,m3.medium,running,us-east-1
i-07be55c42ded65552,Entitlements-Fat-Api-Ubx2-Prod,t3a.medium,running,us-east-1
i-060502aa70e479256,eb-use1-ap-pe-notif-srv-ubx2-api-p,m5a.large,running,us-east-1
i-096e416f6ce6c3ac1,ec2-use1-appe-df-orders-ecommerce-payment-web-d,t3.small,running,us-east-1
i-0bce4fd3213155c5c,ec2-use1-appe-df-orders-ecommerce-payment-web-p,t3.small,running,us-east-1
i-0c1862623b7a4b24a,ec2-use1-appe-df-orders-ecommerce-checkout-web-u,t3.small,running,us-east-1
i-0f83488b0c4cb037f,ec2-use1-ap-pe-products-client-europa-website-mongodb-p,t3.small,running,us-east-1
i-0e2534a5820d745d2,ec2-use1-ap-pe-df-ecom-paym-workers-dev,t3.small,running,us-east-1
i-0bdcf494b0bc9c2ad,ec2-use1-ap-pe-products-client-europa-website-mongodb-u,t3.small,running,us-east-1
i-0ae5560f43d633940,ecs-use1-ap-ap-customers-service-ubx2-website-admin-librarian-p,m5a.large,running,us-east-1
i-069b49378149d4376,ecs-use1-ap-ap-entitlements-service-ubx2-read-api-u,m5a.large,running,us-east-1
i-01dc734c22f1799f4,Customer-API-Read-UAT,m5a.large,running,us-east-1
i-0ff15043dd723dc94,identity-ui-ubx-uat,t2.medium,running,us-east-1
i-0966b948b11f463b5,eb-use1-ap-pe-ems-service-ubx2-api-p,m5a.large,running,us-east-1
i-05f8a2d0806e320ca,ecs-use1-ap-ap-entitlements-services-ubx2-api-u,r5a.large,running,us-east-1
i-04fe16ad147050f3f,eb-use1-ap-pe-jobs-service-ubx2-api-u,m5a.large,running,us-east-1
i-0913ce108d48021ce,eb-use1-ap-pe-productbndl-srv-ubx2-api-p,m5a.large,running,us-east-1
i-0b84b1bb861452e54,asg-use1-ap-pe-platform-core-services-p,m5a.large,running,us-east-1
i-0390b2ee8c84c6f1b,asg-use1-ap-pe-platform-core-services-d,m5a.large,running,us-east-1
i-04b1ff1b0afe26882,counter-report-sneaql-uat,t2.medium,running,us-east-1
i-0567117d249c3baba,Customer-API-Prod-Blue-1,m5a.large,running,us-east-1
i-055016d264fb92105,OADashboard-API-v2-prod,m5a.large,running,us-east-1
i-0be53b8028f26117f,OADashboard-API-v2-dev,m5a.large,running,us-east-1
i-001017330dfb4a426,ecs-use1-ap-pe-licenses-service-ubx2-api-u,m5a.large,running,us-east-1
i-0c798c25a1db2a59d,eb-use1-ap-pe-ems-service-ubx2-api-p,m5a.large,running,us-east-1
i-0bb738a0fea0a6c88,,t3.medium,running,us-east-1
i-0dd846ff49bc64942,eb-use1-ap-pe-productbndl-srv-ubx2-api-p,m5a.large,running,us-east-1
i-0fc289b68d2af794e,tandf core infra apm newrelic location,t3.large,running,us-east-1
i-0b8bae8c53991e57b,ec2-use1-ap-pe-df-ecom-paym-workers-uat,t3.small,running,us-east-1
i-0af6b855bbc8f4a73,tnf-article-content-pipeline-prod,m3.medium,running,us-east-1
i-0862c345db7cef46f,OADashboard-API-v2-dev-blue,t3a.medium,running,us-east-1
i-01533c1dd99a4369d,,t3.medium,running,us-east-1
i-06dcb7ecbe1ad02f5,,t3.small,running,us-east-1
i-0699a6417a2e839d5,Customer-API-Read-UAT,m5a.large,running,us-east-1
i-013bf1f19018822bd,OADashboard-API-Prod,m3.medium,running,us-east-1
i-0e6fd1b8a7745aa5b,,t3.medium,running,us-east-1
i-041a6403a27681887,,t3.medium,running,us-east-1
i-00b043ab94fd16103,ec2-use1-ap-pe-df-ecom-paym-workers-uat,t3.small,running,us-east-1
i-0076510da469d2632,OADashboard-API-v2-prod,m5a.large,running,us-east-1
i-052f61d8efc8b5e7f,ap-tandf-ops-github-actions-qe-runner-linux-x64-pe-use1-01,c6a.2xlarge,running,us-east-1
i-0e6574352be061480,ap-tandf-ops-github-actions-qe-runner-linux-x64-pe-use1-03,c6a.2xlarge,running,us-east-1
i-0d1696c72304c9cd3,ap-tandf-ops-github-actions-qe-runner-linux-x64-pe-use1-02,c6a.2xlarge,running,us-east-1
i-060280a541d5d517b,,m5a.large,running,us-east-1
i-0934344be8bd82b2c,ec2-use1-appe-df-orders-ecommerce-checkout-web-d,t3.small,running,us-east-1
i-05c6740a4f4351ce6,,m5a.large,running,us-east-1
i-099ce35d9a72d78f3,,m5a.large,running,us-east-1
i-09218bd6bed8b477b,,m5.xlarge,running,us-east-1
i-0306b35cde759b8d9,matching-engine,t3.medium,running,us-east-1
i-02a54af91f506044a,matching-engine,t3.medium,running,us-east-1
i-080aca13b3d3f81a7,df-orders-vendor-batch-processor,m5a.large,running,us-east-1
i-0801f3d9deb409e61,matching-engine,t3.medium,running,us-east-1
i-0fb46c1b7e0d283a2,,t3.micro,running,us-east-1
i-06cac3ba7c2add04c,ecs-use1-ap-ap-changeset-service-ubx2-api-u,m5a.large,running,us-east-1
i-0dd9e9a543a7cdce1,ecs-use1-ap-ap-search-entitlement-sync-ubx2-utility-u,t3.small,running,us-east-1
i-0a7e6eb55efa4b698,ec2-use1-ap-pe-proxy-api-service-ubx2-proxy-u-v2-2,m5a.large,running,us-east-1
i-0f54aefb1ce7cd1f3,eb-use1-ap-pe-quotes-client-oad-web-d-v2,m5a.large,running,us-east-1
i-016b07c6322d4a862,Products-Services-Routledge-API-uat,t3.small,running,us-east-1
i-018fabb452f58805f,Products-Services-Routledge-API-uat,t3.small,running,us-east-1
i-06602fd42f75b43f2,eb-use1-ap-pe-ems-service-ubx2-api-u,m5a.large,running,us-east-1
i-055c55e07a693ccd2,Payments-Service-Dev,t3.medium,running,us-east-1
i-067764921bdafa401,ecs-use1-ap-pe-entitlement-service-ubx2-api-p,m5a.large,running,us-east-1
i-00b5459ef278068f2,ecs-use1-ap-pe-entitlement-service-ubx2-api-p-r,m5a.large,running,us-east-1
i-0ba664a8cedb17a85,eb-use1-ap-pe-ems-service-ubx2-api-p-r,m5a.large,running,us-east-1
i-05dfe0eba33230c04,ec2-use1-appe-df-orders-ecommerce-checkout-web-p,t3.small,running,us-east-1
i-021c9bcef46e7dd46,use1appeanalytics-ECS-Instance-uat,t2.small,running,us-east-1
i-0c37028bfff158c40,cnb-sneaql-uat,t2.medium,running,us-east-1
i-0e77c122be5335bf2,ec2-use1-ap-pe-products-client-europa-website-mongodb-p2,t2.micro,running,us-east-1
i-051833fcde52fd3e3,eb-use1-ap-pe-changeset-srv-ubx2-api-p-d,m5a.large,running,us-east-1
i-06dd08181e9a467ee,matching-engine,t3.medium,running,us-east-1
i-0bdf086cbe021ab92,Ecommerce-Cart-Service-Prod-Blue,t3.small,running,us-east-1
i-0838676314056f7b2,ecs-use1-ap-pe-jobs-service-ubx2-api-u,m5a.large,running,us-east-1
i-0ed40b66e522f1f32,asg-ecs-use1-ap-pe-worker-changesetprocessor-ubx2-p,m5a.large,running,us-east-1
i-0b44591048dacc163,eb-use1-ap-pe-jobs-service-ubx2-api-p,m5a.large,running,us-east-1
i-07c1e50691fc2c81e,asg-content-client-ubx2-cms-u,m5a.large,running,us-east-1
i-0fd0631d3746b5805,,t3.small,running,us-east-1
i-0836c227813577387,identity-ui-ubx-prod,t2.medium,running,us-east-1
i-062a5ceb5af86f78f,product-license-listener-ec,t2.medium,running,us-east-1
i-068fb8c9c7f9cf383,ec2-use1-appe-df-orders-ecommerce-payment-web-u,t3.small,running,us-east-1
i-079c9abdbcd9f35c9,ecs-use1-ap-ap-notifications-service-ubx2-api-u,m5a.large,running,us-east-1
i-066190fe58ea11953,,t3.medium,running,us-east-1
i-0e7e4d3cad381cba3,OADashboard-API-v2-uat-RCA,t3a.medium,running,us-east-1
i-0e92b1e4a0dd24e9f,asg-content-client-ubx2-cms-p,m5a.large,running,us-east-1
i-061a3e010d1a0f89c,asg-content-client-ubx2-cms-p,m5a.large,running,us-east-1
i-0d683d6d0cb7a0026,matching-engine,t3.medium,running,us-east-1
i-074284b49125f3966,article-category-api,t3.micro,running,us-east-1
i-05cdedc00ccea30f3,sneaql-glue-dev,t2.medium,running,us-east-1
i-01f787a5838be5af8,ecs-use1-ap-pe-entitlement-service-ubx2-api-u,m5a.large,running,us-east-1
i-015716ff3fe664836,USE1APPEUBWv2ESMN2P,m5n.large,stopped,us-east-1
i-016f4cc4aec2c8694,USE1APPEUBWv2ESDN4P,m5dn.4xlarge,stopped,us-east-1
i-0c8b1b9acef481d0f,matching-engine,t3.medium,running,us-east-1
i-007b1f0414e75896d,matching-engine,t3.medium,running,us-east-1
i-04bccd715300b0983,df-orders-vendor-batch-processor,m5a.large,running,us-east-1
i-0837d630037de9c3a,,t3.micro,running,us-east-1
i-0e5d7bd4a2049edb2,ecs-use1-ap-pe-productbundle-service-ubx2-api-u,m5a.large,running,us-east-1
i-056b62ca282a3e241,Payments-Service-Prod,t3.small,running,us-east-1
i-050a9f152b2940d0f,ec2-use1-ap-pe-proxy-api-service-ubx2-proxy-u-v2,m5a.large,running,us-east-1
i-092c624962ef11ad2,eb-use1-ap-pe-changeset-srv-ubx2-api-p-d,m5a.large,running,us-east-1
i-0f61f39027a7dafe4,Informatica_Secure_Agent-sandbox,m5.4xlarge,running,us-east-1
i-0948d438aa0851284,Properties-API-Prod-2,t3.medium,running,us-east-1
i-04d67482f6a024732,Properties-API-Prod-1,t3.medium,running,us-east-1
i-05158e6dc3baf7c0d,Customer-API-Uat,t2.medium,running,us-east-1
i-01a51e99ce5a36bbe,ecs-use1-ap-pe-insights-service-ubx2-sushi-api-usage-reports-p,m5a.large,running,us-east-1
i-06fe2a5a561ddf918,ec2-use1-ap-pe-nginx-ubx2-p,t3.small,running,us-east-1
i-0ea0d296f37453283,OADashboard-API-UAT,m3.medium,running,us-east-1
i-07747e00e23801b46,ecs-use1-ap-pe-search-ubx2-api-p,m5a.large,running,us-east-1
i-0bb0302df35b34264,matching-engine,t3.medium,running,us-east-1
i-099f6041938948558,Informatica_Secure_Agent-dev,m5.4xlarge,running,us-east-1
i-0095b506e2ab71a25,ecs-use1-ap-pe-jobs-service-ubx2-api-p,m5a.large,running,us-east-1
i-0785e0d438a68a1c9,Ecommerce-Cart-Service-Prod-Blue,t3.small,running,us-east-1
i-02ade063586eec58d,ecs-use1-ap-pe-notification-pipeline-service-ubx2-api-p,m5a.large,running,us-east-1
i-0927f950483236529,entitlement-management-service-v2-prod,m5a.large,running,us-east-1
i-0fd77e3f7db16b956,asg-ecs-use1-ap-pe-worker-changesetprocessor-ubx2-p,m5a.large,running,us-east-1
i-0b6086ef479c0eb21,OADashboard-API-v2-qa,m5a.large,running,us-east-1
i-0cfc775dfbaa830c7,asg-content-client-ubx2-cms-u,m5a.large,running,us-east-1
i-03b3a0a35d171b6a3,sneaql-glue-prod,t2.medium,running,us-east-1
i-0e74f67c3154a0c8a,ecs-use1-ap-pe-entitlement-service-ubx2-fat-api-p,m5a.large,running,us-east-1
i-02475c34470586687,ag-insights-worker-ubx2-metadata-collector-p,t3.small,running,us-east-1
i-07a3776390517a856,identity-ui-ubx-dev,t2.medium,running,us-east-1
i-0be955c929e10eb08,asg-use1-ap-pe-platform-core-services-p,m5a.large,running,us-east-1
i-021dd5b34f34b38bb,Informatica_Secure_Agent-Sandbox-Agent-3,m5.4xlarge,running,us-east-1
i-0603ad48426c644f8,eb-use1-ap-pe-quotes-client-oad-web-q-v2,m5a.large,running,us-east-1
i-0551dab985b25cdc4,entitlement-management-service-v2-r-prod,m5a.large,running,us-east-1
i-0eb15abd6c6b77584,,t2.medium,running,us-east-1
i-06555c40453a2ee6b,ecs-use1-ap-pe-notification-changeset-services-ubx2-api-u,m5a.large,running,us-east-1
i-05314eba66db63b11,pcm-api-qa-green,m4.xlarge,running,us-east-1
i-00b862d4d4c6f1b24,identity-ui-ubx-prod-green,t2.medium,running,us-east-1
i-041e404634964b86f,ecs-use1-ap-ap-notifications-service-ubx2-api-u,m5a.large,running,us-east-1
i-07a4b583b92699f40,eb-use1-ap-pe-notif-srv-ubx2-api-p-b,m5.large,running,us-east-1
i-0fc21fb4f01411962,license-listener-service-uat,t2.medium,running,us-east-1
i-070341520743f9ad2,ecs-use1-ap-pe-insights-service-ubx2-sushi-api-usage-reports-u,m5a.large,running,us-east-1
i-000d36c4045d57374,ecs-use1-ap-pe-licenses-service-ubx2-api-p,m5a.large,running,us-east-1
i-04fc1d1b2f302c3de,OADashboard-API-v2-uat-blue,t3a.medium,running,us-east-1
i-0ee54a7076a775255,ecs-use1-ap-pe-entitlement-service-ubx2-api-p-r,m5a.large,running,us-east-1
i-09ae0e1795a02e877,ecs-use1-ap-pe-entitlement-service-ubx2-api-p,m5a.large,running,us-east-1
i-00f708df43ec61055,ecs-use1-ap-pe-notification-pipeline-service-ubx2-api-u,m5a.large,running,us-east-1
i-0d448515d59be524f,asg-ecs-use1-ap-pe-worker-changesetprocessor-ubx2-p,m5a.large,running,us-east-1
i-0b12987fc8ccf72ee,ecs-use1-ap-pe-search-ubx2-api-u,m5a.large,running,us-east-1
i-01aedb5b9560f7608,identity-ui-ubx-prod,t2.medium,running,us-east-1
i-09ba547d284c57676,ecs-use1-ap-pe-jobs-service-ubx2-api-p,m5a.large,running,us-east-1
i-08f56299fca3eff91,ecs-use1-ap-ap-changeset-service-ubx2-api-u,m5a.large,running,us-east-1
i-0cbc7d60ec9a1b091,Airflow-Prod,t2.medium,running,us-east-1
i-09e785b531ac6aa24,,t2.micro,running,us-east-1
i-0e797269f33ed6818,asg-content-client-ubx2-cms-p,m5a.large,running,us-east-1
i-0dfca0b0e7b2780ae,eb-use1-ap-pe-ems-service-ubx2-api-p-r,m5a.large,running,us-east-1
i-0fabb419632ea0f9b,asg-content-client-ubx2-cms-p,m5a.large,running,us-east-1
i-0555b71a727455472,pcm-api-uat-green,m4.xlarge,running,us-east-1
i-0db84bbacc0d638be,eb-use1-ap-pe-oad-web-d-v2-blue,m5a.large,running,us-east-1
i-0641ef43da5e10d20,asg-use1-ap-pe-platform-core-services-p,m5a.large,running,us-east-1
i-0ccf4c2064ad39375,ag-insights-worker-ubx2-metadata-collector-u,t3.small,running,us-east-1
i-0c5f5219f55bcccd3,Customer-API-Prod-Green-1,m5a.large,running,us-east-1
i-05f9fe7a63de4cd24,ap-tandf-ubx2-ecs-cluster-pe-use1-d,m6a.2xlarge,running,us-east-1
i-036a42cf563d173a9,eb-use1-ap-pe-quotes-client-oad-web-p-v2,m5a.large,running,us-east-1
i-0a0122b2b16b337df,asg-use1-ap-pe-platform-core-services-p,m5a.large,running,us-east-1
i-08481d77b7935df1b,Usage-Report-API-PROD-1,r5a.large,running,us-east-1
i-08327bb9318c53cc1,Developer-UI-Prod-Env-v-one,m3.medium,running,us-east-1
i-03694e763b44adf29,Customer-API-Dev-1,t2.medium,running,us-east-1
i-0a31f95baee5a7ec4,OADashboard-API-UAT,m3.medium,running,us-east-1
i-0079512841928a536,asg-use1-ap-pe-platform-core-services-p,m5a.large,running,us-east-1
i-0aa0fac478d2a0666,OADashboard-API-Prod,m3.medium,running,us-east-1
i-0311474a9ad61b454,ag-insights-worker-ubx2-metadata-collector-p,t3.small,running,us-east-1
i-0dd1ecabc2f1032e9,identity-ui-ubx-preprod,t2.medium,running,us-east-1
i-0818ac515b90e0724,pcm-search-api-qa-blue,m4.xlarge,running,us-east-1
i-03e32efe22eac61e3,OADashboard-API-v2-uat,t3a.medium,running,us-east-1
i-0e6d0335c13f08bd7,Developer-UI-Uat,t2.medium,running,us-east-1
i-0b9114691c1ba938c,Payments-Service-Prod,t3.small,running,us-east-1
i-09d68297d0aeb4629,Censored-Content-API-Prod-1,m3.medium,running,us-east-1
i-0b8211be918a06874,eb-use1-ap-pe-licenses-srv-ubx2-api-p,m5a.large,running,us-east-1
i-0d0ca4a6f086543c6,pcm-search-api-uat-green,m4.xlarge,running,us-east-1
i-0cd56ea8d33719557,asg-use1-ap-pe-platform-core-services-p,m5a.large,running,us-east-1
i-03f44ee7c93dc4b4e,ecs-use1-ap-pe-entitlement-service-ubx2-fat-api-p,m5a.large,running,us-east-1
i-0fed95d748b2df856,ecs-use1-ap-pe-productbundle-service-ubx2-api-p,m5a.large,running,us-east-1
i-0ac70197deb5edb37,,t2.medium,running,us-east-1
i-0260794f24013a0e5,eb-use1-ap-pe-jobs-service-ubx2-api-p-b,m5a.large,running,us-east-1
i-0d6265854edcff0fd,asg-use1-ap-pe-platform-core-services-d,m5a.large,running,us-east-1
i-02856c012b007bef3,asg-use1-ap-pe-platform-core-services-t,m5a.large,running,us-east-1
i-0afcce9c6415c552b,ecs-use1-ap-pe-licenses-service-ubx2-api-p,m5a.large,running,us-east-1
i-002cc077f71328c54,Payments-Service-Uat,t3.medium,running,us-east-1
i-098ff0a26c80ff88f,eb-use1-ap-pe-search-ubx2-api-p,m5a.large,running,us-east-1
i-0fa806ec9b26df229,,t3.medium,running,us-east-1
i-0180bf6f5633df38e,pcm-api-uat-green,m4.xlarge,running,us-east-1
i-0a936f110e1114b61,pcm-api-dev-blue,t2.medium,running,us-east-1
i-0ba3390472a4acee8,eb-use1-ap-pe-changeset-srv-ubx2-api-p,m5a.large,running,us-east-1
i-0238a507a462903a0,asg-use1-ap-pe-platform-core-services-u,m5a.large,running,us-east-1
i-09825e4ea152ad5cf,ecs-use1-ap-pe-productbundle-service-ubx2-api-p,m5a.large,running,us-east-1
i-02de512996e87cc6a,identity-ui-ubx-prod-green,t2.medium,running,us-east-1
i-00ae487d5ec9a59c5,ecs-use1-ap-pe-entitlement-service-ubx2-fat-api-p,m5a.large,running,us-east-1
i-033b9572671d4e7ae,pcm-search-api-prod-green,m5a.large,running,us-east-1
i-05f98d30f7f78bd88,eb-use1-ap-pe-jobs-service-ubx2-api-p,m5a.large,running,us-east-1
i-0719bebdd2484176f,pcm-api-prod-blue,m5a.large,running,us-east-1
i-01eb1b8a58cec7fa0,Developer-UI-Dev,t2.medium,running,us-east-1
i-024111819199a6db9,eb-use1-ap-pe-changeset-srv-ubx2-api-p,m5a.large,running,us-east-1
i-0355d77a88d3161a3,Informatica_Secure_Agent-dev-2,m5.4xlarge,running,us-east-1
i-04e9d15e3313b7950,df-orders-vendor-batch-processor,m5a.large,running,us-east-1
i-046ad0cf7cd88f512,,t3.medium,running,us-east-1
i-03797ddc58fcb006d,asg-use1-ap-pe-platform-core-services-t,m5a.large,running,us-east-1
i-0b4a29bd02f3821be,asg-use1-ap-pe-platform-core-services-u,m5a.large,running,us-east-1
i-0b922cfd1278ace11,,t3.medium,running,us-east-1
i-09dca27a07461337c,pcm-search-api-uat-green,m4.xlarge,running,us-east-1
i-090b0f20d3e24ef74,eb-use1-ap-pe-quotes-client-oad-web-u-v,m5a.large,running,us-east-1
i-0bb15e427546571f8,Ecommerce-Cart-Service-Uat,t3.small,running,us-east-1
i-0314890004fec8a5e,pcm-api-prod-blue,m5a.large,running,us-east-1
i-092a75d29fe0b0770,pcm-api-prod-blue,m5a.large,running,us-east-1
i-071572e47dab894b9,pcm-search-api-prod-green,m5a.large,running,us-east-1
i-0065ae4f1ef369866,eb-use1-ap-pe-search-ubx2-api-p,m5a.large,running,us-east-1
i-0c6a673b34aa6dc55,pcm-search-api-dev-green,t2.medium,running,us-east-1
i-0777ca6f57347e742,eb-use1-ap-pe-jobs-service-ubx2-api-p-b,m5a.large,running,us-east-1
i-0970d68ff59d0fe8e,Ecommerce-Cart-Service-Dev,t3.small,running,us-east-1
i-05dd693cc1b8627ab,Usage-Report-API-Ubx2-Prod-2,t3.medium,running,us-east-1
